{
	"CameraIntrinsics": [[1.2272135831810274e+03,0,6.6179959835261457e+02],
		[0,1.2252132600921559e+03,3.9255087504246097e+02],
		[0,0,1]],
	"CameraExtrinsic": [[1.0,0.0,0.0,0.0],
		[0.0,1.0,0.0,0.0],
		[0.0,0.0,1.0,0.0]]
}
