{
	"CameraIntrinsics":[[1.6008583004156249e+03, 0, 6.2338506743566597e+02],
	                  [0, 1.6061032224833143e+03, 3.3366047269832887e+02],
	                  [0, 0, 1]],

	"CameraExtrinsic": [[1.0, 0.0, 0.0, 0.0],
			    						[0.0, 1.0, 0.0, 0.0],
     			    				[0.0, 0.0, 1.0, 0.0]]
}
